timestamp,provider,model,technique,latency_ms,input_tokens_est,context_tokens_est,total_est,prompt_tokens_actual,completion_tokens_actual,total_tokens_actual,retry_count,backoff_ms_total,overflow_handled,cost_estimate_usd,notes
2025-12-21T22:45:12.003936,google,gemini-2.0-flash-exp,hello_world,957,24,0,27,16,5,21,0,0,False,N/A,
2025-12-21T22:51:02.065913,google,gemini-2.0-flash-exp,hello_world,1118,24,0,27,16,5,21,0,0,False,N/A,
2025-12-21T22:51:12.939755,google,gemini-2.0-flash-exp,hello_world,1005,24,0,27,16,5,21,0,0,False,N/A,
2025-12-21T22:51:13.879647,groq,llama-3.1-8b-instant,hello_world,920,24,0,27,51,5,56,0,0,False,~$0.000003,
2025-12-21T22:53:07.112068,google,gemini-2.0-flash-exp,hello_world,1175,24,0,27,16,5,21,0,0,False,N/A,
2025-12-21T22:53:07.839895,groq,llama-3.1-8b-instant,hello_world,705,24,0,27,51,5,56,0,0,False,~$0.000003,
2025-12-21T23:16:04.956819,openai,gemini-2.0-flash-exp,temp_sweep_0.0,1365,24,0,27,17,30,47,0,0,False,N/A,
2025-12-21T23:16:05.737841,openai,gemini-2.0-flash-exp,temp_sweep_0.5,778,24,0,27,17,29,46,0,0,False,N/A,
2025-12-21T23:16:06.541175,openai,gemini-2.0-flash-exp,temp_sweep_1.0,800,24,0,27,17,38,55,0,0,False,N/A,
2025-12-21T23:16:07.362470,openai,gemini-2.0-flash-exp,temp_sweep_1.5,817,24,0,27,17,24,41,0,0,False,N/A,
2025-12-21T23:16:49.582602,openai,gemini-2.0-flash-exp,unstructured,1624,223,0,226,234,82,316,0,0,False,N/A,
2025-12-21T23:16:50.560128,openai,gemini-2.0-flash-exp,skeleton,966,264,0,267,278,66,344,0,0,False,N/A,
2025-12-21T23:16:54.088416,openai,gemini-2.0-flash-exp,zero_shot_classify,549,79,0,82,81,2,83,0,0,False,N/A,
2025-12-21T23:19:56.646148,openai,gemini-2.0-flash-exp,zero_shot,1294,52,0,55,49,2,51,0,0,False,N/A,
2025-12-21T23:20:26.326481,openai,gemini-2.0-flash-exp,few_shot,1198,313,0,316,351,36,387,0,0,False,N/A,
2025-12-21T23:29:46.717236,openai,gemini-2.0-flash-exp,zero_shot,1122,52,0,55,49,2,51,0,0,False,N/A,
2025-12-21T23:29:47.582808,openai,gemini-2.0-flash-exp,few_shot,852,313,0,316,351,36,387,0,0,False,N/A,
2025-12-21T23:35:16.993687,openai,gemini-2.0-flash-exp,zero_shot,1163,52,0,55,49,2,51,0,0,False,N/A,
2025-12-21T23:35:17.829666,openai,gemini-2.0-flash-exp,few_shot,821,313,0,316,351,32,383,0,0,False,N/A,
2025-12-21T23:35:26.215847,openai,gemini-3-pro-preview,cot,8300,246,0,249,265,,265,0,0,False,N/A,
2025-12-21T23:36:02.644446,openai,gemini-2.0-flash-exp,zero_shot,1086,52,0,55,49,2,51,0,0,False,N/A,
2025-12-21T23:36:03.460758,openai,gemini-2.0-flash-exp,few_shot,799,313,0,316,351,45,396,0,0,False,N/A,
2025-12-21T23:36:11.651443,openai,gemini-3-pro-preview,cot,8127,246,0,249,265,,265,0,0,False,N/A,
2025-12-21T23:36:19.966268,google,gemini-3-pro-preview,cot,8252,246,0,249,265,,265,0,0,False,N/A,
2025-12-21T23:36:29.732416,openai,gemini-3-pro-preview,tot,9748,76,0,79,76,,76,0,0,False,N/A,
2025-12-21T23:37:49.550252,openai,gemini-2.0-flash-exp,zero_shot,1150,52,0,55,49,2,51,0,0,False,N/A,
2025-12-21T23:37:50.395103,openai,gemini-2.0-flash-exp,few_shot,829,313,0,316,351,35,386,0,0,False,N/A,
2025-12-21T23:37:59.103272,openai,gemini-3-pro-preview,cot,8644,246,0,249,265,,265,0,0,False,N/A,
2025-12-21T23:38:07.392771,google,gemini-3-pro-preview,cot,8226,246,0,249,265,,265,0,0,False,N/A,
2025-12-21T23:38:17.771395,openai,gemini-3-pro-preview,tot,10357,76,0,79,76,,76,0,0,False,N/A,
2025-12-21T23:45:59.644074,openai,gemini-2.0-flash-exp,zero_shot,1187,52,0,55,49,2,51,0,0,False,N/A,
2025-12-21T23:46:00.510092,openai,gemini-2.0-flash-exp,few_shot,853,313,0,316,351,45,396,0,0,False,N/A,
2025-12-21T23:46:08.873903,openai,gemini-3-pro-preview,cot,8302,246,0,249,265,,265,0,0,False,N/A,
2025-12-21T23:46:17.110124,google,gemini-3-pro-preview,cot,8170,246,0,249,265,,265,0,0,False,N/A,
2025-12-21T23:46:28.000743,openai,gemini-3-pro-preview,tot,10875,76,0,79,76,,76,0,0,False,N/A,
2025-12-22T00:08:55.732067,google,gemini-3-pro-preview,cot,8546,246,0,249,265,,265,0,0,False,N/A,
2025-12-22T00:09:32.794935,google,gemini-3-pro-preview,cot,8616,246,0,249,265,,265,0,0,False,N/A,
2025-12-22T00:09:50.053082,openai,gemini-2.0-flash-exp,zero_shot,1160,52,0,55,49,2,51,0,0,False,N/A,
2025-12-22T00:09:51.016401,openai,gemini-2.0-flash-exp,few_shot,950,313,0,316,351,54,405,0,0,False,N/A,
2025-12-22T00:09:59.592056,openai,gemini-3-pro-preview,cot,8493,246,0,249,265,,265,0,0,False,N/A,
2025-12-22T00:10:08.104093,google,gemini-3-pro-preview,cot,8433,246,0,249,265,,265,0,0,False,N/A,
2025-12-22T00:10:18.442579,openai,gemini-3-pro-preview,tot,10320,76,0,79,76,,76,0,0,False,N/A,
2025-12-22T00:17:03.932342,openai,gemini-2.0-flash-exp,zero_shot,1191,52,0,55,49,2,51,0,0,False,N/A,
2025-12-22T00:17:04.734000,openai,gemini-2.0-flash-exp,few_shot,789,313,0,316,351,39,390,0,0,False,N/A,
2025-12-22T00:17:13.140272,openai,gemini-3-pro-preview,cot,8342,246,0,249,265,,265,0,0,False,N/A,
2025-12-22T00:17:21.336251,google,gemini-3-pro-preview,cot,8132,246,0,249,265,,265,0,0,False,N/A,
2025-12-22T00:17:32.519326,openai,gemini-3-pro-preview,tot,11164,76,0,79,76,,76,0,0,False,N/A,
2025-12-22T00:20:58.141628,openai,gemini-2.0-flash-exp,zero_shot,1164,52,0,55,49,2,51,0,0,False,N/A,
2025-12-22T00:20:59.054402,openai,gemini-2.0-flash-exp,few_shot,900,313,0,316,351,54,405,0,0,False,N/A,
2025-12-22T00:21:07.322212,openai,gemini-3-pro-preview,cot,8203,246,0,249,265,,265,0,0,False,N/A,
2025-12-22T00:21:15.711295,google,gemini-3-pro-preview,cot,8325,246,0,249,265,,265,0,0,False,N/A,
2025-12-22T00:21:26.227082,openai,gemini-3-pro-preview,tot,10505,76,0,79,76,,76,0,0,False,N/A,
2025-12-22T00:34:34.011513,openai,gemini-2.0-flash-exp,zero_shot,1113,52,0,55,49,2,51,0,0,False,N/A,
2025-12-22T00:34:34.820149,openai,gemini-2.0-flash-exp,few_shot,796,313,0,316,351,45,396,0,0,False,N/A,
2025-12-22T00:34:48.869988,openai,gemini-3-pro-preview,cot,13967,246,0,249,265,269,534,0,0,False,N/A,
2025-12-22T00:35:02.587183,google,gemini-3-pro-preview,cot,13651,246,0,249,265,311,576,0,0,False,N/A,
2025-12-22T00:35:46.037908,openai,gemini-3-pro-preview,tot,43435,76,0,79,76,,76,0,0,False,N/A,
2026-01-08T19:30:42.944458,groq,llama-3.1-8b-instant,few_shot,435,286,0,289,318,12,330,0,0,False,~$0.000017,
2026-01-08T19:31:36.559287,groq,llama-3.1-8b-instant,few_shot,496,286,0,289,318,12,330,0,0,False,~$0.000017,
2026-01-08T19:31:43.809030,groq,llama-3.1-8b-instant,few_shot,507,286,0,289,318,12,330,0,0,False,~$0.000017,
2026-01-08T20:51:18.863207,groq,moonshotai/kimi-k2-instruct,cot,3668,211,0,214,233,479,712,0,0,False,N/A,
2026-01-08T21:56:34.614080,groq,moonshotai/kimi-k2-instruct,cot,1725,134,0,137,157,72,229,0,0,False,N/A,
2026-01-08T21:56:35.250638,groq,moonshotai/kimi-k2-instruct,cot,632,134,0,137,157,30,187,0,0,False,N/A,
2026-01-08T21:56:35.812012,groq,moonshotai/kimi-k2-instruct,cot,558,134,0,137,157,19,176,0,0,False,N/A,
2026-01-08T21:56:37.008068,groq,moonshotai/kimi-k2-instruct,cot,1193,134,0,137,157,52,209,0,0,False,N/A,
2026-01-08T21:59:47.781220,groq,moonshotai/kimi-k2-instruct,cot,770,134,0,137,157,36,193,0,0,False,N/A,
2026-01-08T21:59:48.805507,groq,moonshotai/kimi-k2-instruct,cot,1020,134,0,137,157,25,182,0,0,False,N/A,
2026-01-08T21:59:49.490774,groq,moonshotai/kimi-k2-instruct,cot,682,134,0,137,157,42,199,0,0,False,N/A,
2026-01-08T21:59:50.735690,groq,moonshotai/kimi-k2-instruct,cot,1242,134,0,137,157,93,250,0,0,False,N/A,
2026-01-08T21:59:51.623823,groq,moonshotai/kimi-k2-instruct,cot,885,134,0,137,157,21,178,0,0,False,N/A,
2026-01-08T21:59:52.617251,groq,moonshotai/kimi-k2-instruct,cot,988,134,0,137,157,90,247,0,0,False,N/A,
2026-01-08T21:59:53.978902,groq,moonshotai/kimi-k2-instruct,cot,1358,134,0,137,157,77,234,0,0,False,N/A,
2026-01-08T21:59:55.502949,groq,moonshotai/kimi-k2-instruct,cot,1520,134,0,137,157,47,204,0,0,False,N/A,
2026-01-08T21:59:56.445081,groq,moonshotai/kimi-k2-instruct,cot,940,134,0,137,157,15,172,0,0,False,N/A,
2026-01-08T21:59:57.316588,groq,moonshotai/kimi-k2-instruct,cot,869,134,0,137,157,41,198,0,0,False,N/A,
2026-01-08T21:59:58.546478,groq,moonshotai/kimi-k2-instruct,cot,1226,134,0,137,157,96,253,0,0,False,N/A,
2026-01-08T21:59:59.478619,groq,moonshotai/kimi-k2-instruct,cot,930,134,0,137,157,39,196,0,0,False,N/A,
2026-01-08T22:00:00.568725,groq,moonshotai/kimi-k2-instruct,cot,1088,134,0,137,157,30,187,0,0,False,N/A,
2026-01-08T22:00:01.802752,groq,moonshotai/kimi-k2-instruct,cot,1226,134,0,137,157,82,239,0,0,False,N/A,
2026-01-08T22:00:02.690721,groq,moonshotai/kimi-k2-instruct,cot,884,134,0,137,157,35,192,0,0,False,N/A,
2026-01-08T22:00:03.547803,groq,moonshotai/kimi-k2-instruct,cot,854,134,0,137,157,26,183,0,0,False,N/A,
2026-01-08T22:00:04.376950,groq,moonshotai/kimi-k2-instruct,cot,826,134,0,137,157,38,195,0,0,False,N/A,
2026-01-08T22:00:05.333645,groq,moonshotai/kimi-k2-instruct,cot,954,134,0,137,157,48,205,0,0,False,N/A,
2026-01-08T22:00:06.807907,groq,moonshotai/kimi-k2-instruct,cot,1471,134,0,137,157,29,186,0,0,False,N/A,
2026-01-08T22:00:07.580121,groq,moonshotai/kimi-k2-instruct,cot,767,134,0,137,157,31,188,0,0,False,N/A,
2026-01-08T22:00:27.693610,groq,moonshotai/kimi-k2-instruct,cot,770,134,0,137,157,25,182,0,0,False,N/A,
2026-01-08T22:00:28.468491,groq,moonshotai/kimi-k2-instruct,cot,770,134,0,137,157,39,196,0,0,False,N/A,
2026-01-08T22:00:29.038736,groq,moonshotai/kimi-k2-instruct,cot,567,134,0,137,157,14,171,0,0,False,N/A,
2026-01-08T22:00:29.685009,groq,moonshotai/kimi-k2-instruct,cot,643,134,0,137,157,27,184,0,0,False,N/A,
2026-01-08T22:01:01.193046,groq,moonshotai/kimi-k2-instruct,cot,947,134,0,137,157,32,189,0,0,False,N/A,
2026-01-08T22:01:01.852174,groq,moonshotai/kimi-k2-instruct,cot,657,134,0,137,157,41,198,0,0,False,N/A,
2026-01-08T22:01:02.552190,groq,moonshotai/kimi-k2-instruct,cot,695,134,0,137,157,55,212,0,0,False,N/A,
2026-01-08T22:01:03.549882,groq,moonshotai/kimi-k2-instruct,cot,994,134,0,137,157,26,183,0,0,False,N/A,
2026-01-08T22:08:58.909110,groq,moonshotai/kimi-k2-instruct,cot,1010,149,0,152,172,50,222,0,0,False,N/A,
2026-01-08T22:08:59.860720,groq,moonshotai/kimi-k2-instruct,cot,944,172,0,175,195,73,268,0,0,False,N/A,
2026-01-08T22:09:00.878000,groq,moonshotai/kimi-k2-instruct,cot,1008,169,0,172,193,84,277,0,0,False,N/A,
2026-01-08T22:09:02.273890,groq,moonshotai/kimi-k2-instruct,cot,1390,168,0,171,191,59,250,0,0,False,N/A,
2026-01-08T22:12:20.540408,groq,moonshotai/kimi-k2-instruct,cot,1156,172,0,175,195,54,249,0,0,False,N/A,
2026-01-08T22:12:21.394712,groq,moonshotai/kimi-k2-instruct,cot,848,169,0,172,193,74,267,0,0,False,N/A,
2026-01-08T22:12:22.199438,groq,moonshotai/kimi-k2-instruct,cot,800,168,0,171,191,66,257,0,0,False,N/A,
2026-03-10T15:50:25.826391,google,gemini-2.5-flash-lite,few_shot,1618,286,0,289,303,11,314,0,0,False,N/A,
2026-03-10T15:50:26.714213,google,gemini-2.5-flash-lite,few_shot,882,286,0,289,303,11,314,0,0,False,N/A,
2026-03-10T15:50:28.742006,google,gemini-2.5-flash-lite,few_shot,2025,286,0,289,303,11,314,0,0,False,N/A,
2026-03-10T15:50:29.800476,google,gemini-2.5-flash-lite,few_shot,1056,286,0,289,303,11,314,0,0,False,N/A,
2026-03-10T15:50:31.039690,google,gemini-2.5-flash-lite,few_shot,1237,286,0,289,303,11,314,0,0,False,N/A,
2026-03-10T15:50:32.127871,google,gemini-2.5-flash-lite,few_shot,1086,286,0,289,303,11,314,0,0,False,N/A,
2026-03-10T15:50:34.029189,google,gemini-2.5-flash-lite,few_shot,1898,286,0,289,303,11,314,0,0,False,N/A,
2026-03-10T15:50:35.458002,google,gemini-2.5-flash-lite,few_shot,1427,286,0,289,303,11,314,0,0,False,N/A,
2026-03-10T15:50:36.724460,google,gemini-2.5-flash-lite,few_shot,1265,286,0,289,303,11,314,0,0,False,N/A,
2026-03-10T15:50:38.135556,google,gemini-2.5-flash-lite,few_shot,1409,286,0,289,303,11,314,0,0,False,N/A,
2026-03-10T15:50:39.029763,google,gemini-2.5-flash-lite,few_shot,892,286,0,289,303,11,314,0,0,False,N/A,
2026-03-10T15:52:57.503100,google,gemini-2.5-flash-lite,few_shot,1150,286,0,289,303,11,314,0,0,False,N/A,
2026-03-10T15:52:59.909370,google,gemini-2.5-flash-lite,few_shot,2404,286,0,289,303,11,314,0,0,False,N/A,
2026-03-10T15:53:00.739011,google,gemini-2.5-flash-lite,few_shot,827,286,0,289,303,11,314,0,0,False,N/A,
2026-03-10T15:53:01.553911,google,gemini-2.5-flash-lite,few_shot,812,286,0,289,303,11,314,0,0,False,N/A,
2026-03-10T15:53:03.344847,google,gemini-2.5-flash-lite,few_shot,1789,286,0,289,303,11,314,0,0,False,N/A,
2026-03-10T15:53:04.445129,google,gemini-2.5-flash-lite,few_shot,1098,286,0,289,303,11,314,0,0,False,N/A,
2026-03-10T15:54:30.214866,groq,llama-3.1-8b-instant,few_shot,642,286,0,289,318,12,330,0,0,False,~$0.000017,
2026-03-10T15:54:30.458953,groq,llama-3.1-8b-instant,few_shot,241,286,0,289,318,12,330,0,0,False,~$0.000017,
2026-03-10T15:54:30.798841,groq,llama-3.1-8b-instant,few_shot,337,286,0,289,318,12,330,0,0,False,~$0.000017,
2026-03-10T15:54:31.052005,groq,llama-3.1-8b-instant,few_shot,251,286,0,289,318,12,330,0,0,False,~$0.000017,
2026-03-10T15:54:31.306486,groq,llama-3.1-8b-instant,few_shot,252,286,0,289,318,12,330,0,0,False,~$0.000017,
2026-03-10T15:54:31.569654,groq,llama-3.1-8b-instant,few_shot,261,286,0,289,318,12,330,0,0,False,~$0.000017,
2026-03-10T15:54:31.840128,groq,llama-3.1-8b-instant,few_shot,268,286,0,289,318,12,330,0,0,False,~$0.000017,
2026-03-10T15:54:32.065424,groq,llama-3.1-8b-instant,few_shot,223,286,0,289,318,12,330,0,0,False,~$0.000017,
2026-03-10T15:54:32.349331,groq,llama-3.1-8b-instant,few_shot,282,286,0,289,318,12,330,0,0,False,~$0.000017,
2026-03-10T15:54:32.627117,groq,llama-3.1-8b-instant,few_shot,276,286,0,289,318,12,330,0,0,False,~$0.000017,
2026-03-10T15:54:32.889114,groq,llama-3.1-8b-instant,few_shot,260,286,0,289,318,12,330,0,0,False,~$0.000017,
2026-03-10T15:54:33.109492,groq,llama-3.1-8b-instant,few_shot,219,286,0,289,318,12,330,0,0,False,~$0.000017,
2026-03-10T15:54:33.354592,groq,llama-3.1-8b-instant,few_shot,243,286,0,289,318,12,330,0,0,False,~$0.000017,
2026-03-10T15:54:33.592854,groq,llama-3.1-8b-instant,few_shot,236,286,0,289,318,12,330,0,0,False,~$0.000017,
2026-03-10T15:54:33.844175,groq,llama-3.1-8b-instant,few_shot,248,286,0,289,318,12,330,0,0,False,~$0.000017,
2026-03-10T15:54:34.097807,groq,llama-3.1-8b-instant,few_shot,251,286,0,289,318,12,330,0,0,False,~$0.000017,
2026-03-10T15:54:34.372683,groq,llama-3.1-8b-instant,few_shot,273,286,0,289,318,12,330,0,0,False,~$0.000017,
2026-03-10T15:54:34.612022,groq,llama-3.1-8b-instant,few_shot,237,286,0,289,318,12,330,0,0,False,~$0.000017,
2026-03-10T15:54:34.904850,groq,llama-3.1-8b-instant,few_shot,290,286,0,289,318,12,330,0,0,False,~$0.000017,
2026-03-10T15:54:37.382093,groq,llama-3.1-8b-instant,few_shot,2475,286,0,289,318,12,330,0,0,False,~$0.000017,
2026-03-10T15:54:39.840596,groq,llama-3.1-8b-instant,few_shot,2456,286,0,289,318,12,330,0,0,False,~$0.000017,
2026-03-10T15:54:43.319504,groq,llama-3.1-8b-instant,few_shot,3476,286,0,289,318,12,330,0,0,False,~$0.000017,
2026-03-10T15:54:46.764526,groq,llama-3.1-8b-instant,few_shot,3443,286,0,289,318,12,330,0,0,False,~$0.000017,
2026-03-10T15:54:50.196953,groq,llama-3.1-8b-instant,few_shot,3430,286,0,289,318,12,330,0,0,False,~$0.000017,
2026-03-10T15:54:53.610911,groq,llama-3.1-8b-instant,few_shot,3411,286,0,289,318,12,330,0,0,False,~$0.000017,
2026-03-10T15:54:57.118232,groq,llama-3.1-8b-instant,few_shot,3505,286,0,289,318,12,330,0,0,False,~$0.000017,
2026-03-10T15:55:00.519309,groq,llama-3.1-8b-instant,few_shot,3399,286,0,289,318,12,330,0,0,False,~$0.000017,
2026-03-10T15:55:02.928231,groq,llama-3.1-8b-instant,few_shot,2406,286,0,289,318,12,330,0,0,False,~$0.000017,
2026-03-10T15:55:06.446542,groq,llama-3.1-8b-instant,few_shot,3516,286,0,289,318,12,330,0,0,False,~$0.000017,
2026-03-10T15:55:09.992573,groq,llama-3.1-8b-instant,few_shot,3543,286,0,289,318,12,330,0,0,False,~$0.000017,
2026-03-10T15:55:13.442486,groq,llama-3.1-8b-instant,few_shot,3446,286,0,289,318,12,330,0,0,False,~$0.000017,
2026-03-10T15:55:16.896489,groq,llama-3.1-8b-instant,few_shot,3451,286,0,289,318,12,330,0,0,False,~$0.000017,
2026-03-10T15:55:20.310522,groq,llama-3.1-8b-instant,few_shot,3412,286,0,289,318,12,330,0,0,False,~$0.000017,
2026-03-10T15:55:23.879409,groq,llama-3.1-8b-instant,few_shot,3566,286,0,289,318,12,330,0,0,False,~$0.000017,
2026-03-10T15:55:26.403502,groq,llama-3.1-8b-instant,few_shot,2522,286,0,289,318,12,330,0,0,False,~$0.000017,
2026-03-10T15:55:29.814384,groq,llama-3.1-8b-instant,few_shot,3409,286,0,289,318,12,330,0,0,False,~$0.000017,
2026-03-10T15:55:33.322742,groq,llama-3.1-8b-instant,few_shot,3506,286,0,289,318,12,330,0,0,False,~$0.000017,
2026-03-10T15:55:36.742112,groq,llama-3.1-8b-instant,few_shot,3417,286,0,289,318,12,330,0,0,False,~$0.000017,
2026-03-10T15:55:40.163925,groq,llama-3.1-8b-instant,few_shot,3419,286,0,289,318,12,330,0,0,False,~$0.000017,
2026-03-10T15:55:43.938481,groq,llama-3.1-8b-instant,few_shot,3772,286,0,289,318,12,330,0,0,False,~$0.000017,
2026-03-10T15:55:46.397077,groq,llama-3.1-8b-instant,few_shot,2456,286,0,289,318,12,330,0,0,False,~$0.000017,
2026-03-10T15:56:19.215032,groq,llama-3.1-8b-instant,few_shot,314,296,0,299,328,13,341,0,0,False,~$0.000017,
2026-03-10T15:56:19.442788,groq,llama-3.1-8b-instant,few_shot,225,296,0,299,328,14,342,0,0,False,~$0.000018,
2026-03-10T15:56:19.693714,groq,llama-3.1-8b-instant,few_shot,248,290,0,293,321,12,333,0,0,False,~$0.000017,
2026-03-10T15:56:19.933252,groq,llama-3.1-8b-instant,few_shot,237,285,0,288,317,14,331,0,0,False,~$0.000017,
2026-03-10T15:56:20.214567,groq,llama-3.1-8b-instant,few_shot,279,285,0,288,317,12,329,0,0,False,~$0.000017,
2026-03-10T15:56:20.476735,groq,llama-3.1-8b-instant,few_shot,260,282,0,285,314,12,326,0,0,False,~$0.000017,
2026-03-10T15:56:20.750583,groq,llama-3.1-8b-instant,few_shot,272,287,0,290,319,12,331,0,0,False,~$0.000017,
2026-03-10T15:56:21.006992,groq,llama-3.1-8b-instant,few_shot,254,285,0,288,317,12,329,0,0,False,~$0.000017,
2026-03-10T15:56:21.236371,groq,llama-3.1-8b-instant,few_shot,227,279,0,282,311,12,323,0,0,False,~$0.000017,
2026-03-10T15:56:21.483373,groq,llama-3.1-8b-instant,few_shot,245,284,0,287,316,12,328,0,0,False,~$0.000017,
2026-03-10T15:56:22.900039,groq,llama-3.1-8b-instant,few_shot,1415,289,0,292,321,12,333,0,0,False,~$0.000017,
2026-03-10T15:56:26.370811,groq,llama-3.1-8b-instant,few_shot,3469,283,0,286,315,12,327,0,0,False,~$0.000017,
2026-03-10T15:56:29.787818,groq,llama-3.1-8b-instant,few_shot,3415,283,0,286,316,12,328,0,0,False,~$0.000017,
2026-03-10T15:56:33.265446,groq,llama-3.1-8b-instant,few_shot,3475,290,0,293,322,14,336,0,0,False,~$0.000017,
2026-03-10T15:56:35.801417,groq,llama-3.1-8b-instant,few_shot,2534,283,0,286,315,12,327,0,0,False,~$0.000017,
2026-03-10T15:56:39.254415,groq,llama-3.1-8b-instant,few_shot,3451,281,0,284,313,14,327,0,0,False,~$0.000017,
2026-03-10T15:56:42.659480,groq,llama-3.1-8b-instant,few_shot,3402,288,0,291,320,12,332,0,0,False,~$0.000017,
2026-03-10T15:56:46.134046,groq,llama-3.1-8b-instant,few_shot,3470,281,0,284,314,12,326,0,0,False,~$0.000017,
2026-03-10T15:56:49.723324,groq,llama-3.1-8b-instant,few_shot,3587,282,0,285,314,12,326,0,0,False,~$0.000017,
2026-03-10T15:56:52.187782,groq,llama-3.1-8b-instant,few_shot,2463,279,0,282,311,12,323,0,0,False,~$0.000017,
2026-03-10T15:56:55.610475,groq,llama-3.1-8b-instant,few_shot,3420,284,0,287,316,12,328,0,0,False,~$0.000017,
2026-03-10T15:56:59.104650,groq,llama-3.1-8b-instant,few_shot,3492,282,0,285,314,12,326,0,0,False,~$0.000017,
2026-03-10T15:57:02.629097,groq,llama-3.1-8b-instant,few_shot,3523,283,0,286,315,12,327,0,0,False,~$0.000017,
2026-03-10T15:57:06.109491,groq,llama-3.1-8b-instant,few_shot,3478,283,0,286,316,12,328,0,0,False,~$0.000017,
2026-03-10T15:57:08.556110,groq,llama-3.1-8b-instant,few_shot,2444,285,0,288,317,12,329,0,0,False,~$0.000017,
2026-03-10T15:57:12.022202,groq,llama-3.1-8b-instant,few_shot,3464,283,0,286,315,12,327,0,0,False,~$0.000017,
2026-03-10T15:57:15.523401,groq,llama-3.1-8b-instant,few_shot,3499,285,0,288,317,49,366,0,0,False,~$0.000020,
2026-03-10T15:57:19.014901,groq,llama-3.1-8b-instant,few_shot,3489,287,0,290,319,12,331,0,0,False,~$0.000017,
2026-03-10T15:57:22.409989,groq,llama-3.1-8b-instant,few_shot,3393,282,0,285,314,12,326,0,0,False,~$0.000017,
2026-03-10T15:57:25.919050,groq,llama-3.1-8b-instant,few_shot,3507,287,0,290,319,12,331,0,0,False,~$0.000017,
2026-03-10T15:57:29.346907,groq,llama-3.1-8b-instant,few_shot,3425,286,0,289,318,12,330,0,0,False,~$0.000017,
2026-03-10T15:57:32.897230,groq,llama-3.1-8b-instant,few_shot,3548,280,0,283,312,12,324,0,0,False,~$0.000017,
2026-03-10T15:57:35.352400,groq,llama-3.1-8b-instant,few_shot,2453,283,0,286,315,12,327,0,0,False,~$0.000017,
2026-03-10T15:57:38.778461,groq,llama-3.1-8b-instant,few_shot,3424,281,0,284,313,12,325,0,0,False,~$0.000017,
2026-03-10T15:57:42.204943,groq,llama-3.1-8b-instant,few_shot,3423,287,0,290,319,14,333,0,0,False,~$0.000017,
2026-03-10T15:57:45.660357,groq,llama-3.1-8b-instant,few_shot,3453,284,0,287,316,12,328,0,0,False,~$0.000017,
2026-03-10T15:57:49.281256,groq,llama-3.1-8b-instant,few_shot,3618,280,0,283,313,12,325,0,0,False,~$0.000017,
2026-03-10T15:57:51.736774,groq,llama-3.1-8b-instant,few_shot,2453,282,0,285,314,12,326,0,0,False,~$0.000017,
2026-03-10T15:57:55.649203,groq,llama-3.1-8b-instant,few_shot,3910,282,0,285,314,14,328,0,0,False,~$0.000017,
2026-03-10T15:57:59.090167,groq,llama-3.1-8b-instant,few_shot,3438,281,0,284,313,12,325,0,0,False,~$0.000017,
2026-03-10T15:58:01.653366,groq,llama-3.1-8b-instant,few_shot,2560,283,0,286,315,14,329,0,0,False,~$0.000017,
2026-03-10T15:58:05.109289,groq,llama-3.1-8b-instant,few_shot,3453,279,0,282,311,12,323,0,0,False,~$0.000017,
2026-03-10T15:58:08.602647,groq,llama-3.1-8b-instant,few_shot,3490,276,0,279,308,12,320,0,0,False,~$0.000016,
2026-03-10T15:58:13.872764,groq,llama-3.1-8b-instant,few_shot,5267,283,0,286,316,12,328,0,0,False,~$0.000017,
2026-03-10T15:58:23.750546,groq,llama-3.1-8b-instant,few_shot,9876,281,0,284,313,12,325,0,0,False,~$0.000017,
2026-03-10T15:58:24.031475,groq,llama-3.1-8b-instant,few_shot,279,283,0,286,315,12,327,0,0,False,~$0.000017,
2026-03-10T15:58:25.965298,groq,llama-3.1-8b-instant,few_shot,1931,279,0,282,311,12,323,0,0,False,~$0.000017,
2026-03-10T15:58:32.300927,groq,llama-3.1-8b-instant,few_shot,6334,283,0,286,315,12,327,0,0,False,~$0.000017,
2026-03-10T15:58:34.667516,groq,llama-3.1-8b-instant,few_shot,2364,280,0,283,312,12,324,0,0,False,~$0.000017,
2026-03-10T15:58:34.923228,groq,llama-3.1-8b-instant,few_shot,253,279,0,282,311,12,323,0,0,False,~$0.000017,
2026-03-10T16:19:16.070526,groq,llama-3.1-8b-instant,few_shot,524,305,0,308,337,13,350,0,0,False,~$0.000018,
2026-03-10T16:19:16.339375,groq,llama-3.1-8b-instant,few_shot,266,305,0,308,337,14,351,0,0,False,~$0.000018,
2026-03-10T16:19:16.615772,groq,llama-3.1-8b-instant,few_shot,274,299,0,302,330,12,342,0,0,False,~$0.000017,
2026-03-10T16:19:16.863610,groq,llama-3.1-8b-instant,few_shot,246,294,0,297,326,14,340,0,0,False,~$0.000017,
2026-03-10T16:19:17.116909,groq,llama-3.1-8b-instant,few_shot,251,294,0,297,326,12,338,0,0,False,~$0.000017,
2026-03-10T16:19:17.371487,groq,llama-3.1-8b-instant,few_shot,253,291,0,294,323,12,335,0,0,False,~$0.000017,
2026-03-10T16:19:17.627708,groq,llama-3.1-8b-instant,few_shot,254,296,0,299,328,12,340,0,0,False,~$0.000017,
2026-03-10T16:19:17.944366,groq,llama-3.1-8b-instant,few_shot,314,294,0,297,326,12,338,0,0,False,~$0.000017,
2026-03-10T16:19:18.194698,groq,llama-3.1-8b-instant,few_shot,248,288,0,291,320,12,332,0,0,False,~$0.000017,
2026-03-10T16:19:18.435541,groq,llama-3.1-8b-instant,few_shot,239,293,0,296,325,12,337,0,0,False,~$0.000017,
2026-03-10T16:19:18.676131,groq,llama-3.1-8b-instant,few_shot,238,298,0,301,330,12,342,0,0,False,~$0.000017,
2026-03-10T16:19:18.914991,groq,llama-3.1-8b-instant,few_shot,237,292,0,295,324,12,336,0,0,False,~$0.000017,
2026-03-10T16:19:19.163761,groq,llama-3.1-8b-instant,few_shot,246,292,0,295,325,12,337,0,0,False,~$0.000017,
2026-03-10T16:19:19.427136,groq,llama-3.1-8b-instant,few_shot,261,299,0,302,331,14,345,0,0,False,~$0.000018,
2026-03-10T16:19:19.672566,groq,llama-3.1-8b-instant,few_shot,243,292,0,295,324,12,336,0,0,False,~$0.000017,
2026-03-10T16:19:19.913559,groq,llama-3.1-8b-instant,few_shot,239,290,0,293,322,14,336,0,0,False,~$0.000017,
2026-03-10T16:19:20.162003,groq,llama-3.1-8b-instant,few_shot,246,297,0,300,329,12,341,0,0,False,~$0.000017,
2026-03-10T16:19:20.440497,groq,llama-3.1-8b-instant,few_shot,276,290,0,293,323,12,335,0,0,False,~$0.000017,
2026-03-10T16:19:20.676140,groq,llama-3.1-8b-instant,few_shot,233,291,0,294,323,12,335,0,0,False,~$0.000017,
2026-03-10T16:19:24.072884,groq,llama-3.1-8b-instant,few_shot,3395,288,0,291,320,12,332,0,0,False,~$0.000017,
2026-03-10T16:19:27.600470,groq,llama-3.1-8b-instant,few_shot,3526,293,0,296,325,12,337,0,0,False,~$0.000017,
2026-03-10T16:19:31.174637,groq,llama-3.1-8b-instant,few_shot,3571,291,0,294,323,12,335,0,0,False,~$0.000017,
2026-03-10T16:19:34.707139,groq,llama-3.1-8b-instant,few_shot,3529,292,0,295,324,12,336,0,0,False,~$0.000017,
2026-03-10T16:19:38.186348,groq,llama-3.1-8b-instant,few_shot,3476,292,0,295,325,12,337,0,0,False,~$0.000017,
2026-03-10T16:19:41.994826,groq,llama-3.1-8b-instant,few_shot,3806,294,0,297,326,12,338,0,0,False,~$0.000017,
2026-03-10T16:19:44.491419,groq,llama-3.1-8b-instant,few_shot,2495,292,0,295,324,12,336,0,0,False,~$0.000017,
2026-03-10T16:19:48.159999,groq,llama-3.1-8b-instant,few_shot,3666,294,0,297,326,12,338,0,0,False,~$0.000017,
2026-03-10T16:19:51.826885,groq,llama-3.1-8b-instant,few_shot,3663,296,0,299,328,12,340,0,0,False,~$0.000017,
2026-03-10T16:19:55.294686,groq,llama-3.1-8b-instant,few_shot,3465,291,0,294,323,12,335,0,0,False,~$0.000017,
2026-03-10T16:19:58.783809,groq,llama-3.1-8b-instant,few_shot,3486,296,0,299,328,12,340,0,0,False,~$0.000017,
2026-03-10T16:20:02.535547,groq,llama-3.1-8b-instant,few_shot,3749,295,0,298,327,12,339,0,0,False,~$0.000017,
2026-03-10T16:20:05.356314,groq,llama-3.1-8b-instant,few_shot,2819,289,0,292,321,12,333,0,0,False,~$0.000017,
2026-03-10T16:20:08.822486,groq,llama-3.1-8b-instant,few_shot,3464,292,0,295,324,12,336,0,0,False,~$0.000017,
2026-03-10T16:20:12.432405,groq,llama-3.1-8b-instant,few_shot,3608,290,0,293,322,12,334,0,0,False,~$0.000017,
2026-03-10T16:20:14.962903,groq,llama-3.1-8b-instant,few_shot,2528,296,0,299,328,14,342,0,0,False,~$0.000018,
2026-03-10T16:20:18.369474,groq,llama-3.1-8b-instant,few_shot,3405,293,0,296,325,12,337,0,0,False,~$0.000017,
2026-03-10T16:20:21.989894,groq,llama-3.1-8b-instant,few_shot,3618,289,0,292,322,12,334,0,0,False,~$0.000017,
2026-03-10T16:20:25.898343,groq,llama-3.1-8b-instant,few_shot,3906,291,0,294,323,12,335,0,0,False,~$0.000017,
2026-03-10T16:20:28.612286,groq,llama-3.1-8b-instant,few_shot,2711,291,0,294,323,14,337,0,0,False,~$0.000017,
2026-03-10T16:20:32.369044,groq,llama-3.1-8b-instant,few_shot,3755,290,0,293,322,12,334,0,0,False,~$0.000017,
2026-03-10T16:20:36.061768,groq,llama-3.1-8b-instant,few_shot,3690,292,0,295,324,14,338,0,0,False,~$0.000017,
2026-03-10T16:20:38.967160,groq,llama-3.1-8b-instant,few_shot,2902,288,0,291,320,12,332,0,0,False,~$0.000017,
2026-03-10T16:20:42.493121,groq,llama-3.1-8b-instant,few_shot,3523,285,0,288,317,12,329,0,0,False,~$0.000017,
2026-03-10T16:20:45.902197,groq,llama-3.1-8b-instant,few_shot,3406,292,0,295,325,12,337,0,0,False,~$0.000017,
2026-03-10T16:20:48.387377,groq,llama-3.1-8b-instant,few_shot,2483,290,0,293,322,12,334,0,0,False,~$0.000017,
2026-03-10T16:20:51.842510,groq,llama-3.1-8b-instant,few_shot,3452,292,0,295,324,12,336,0,0,False,~$0.000017,
2026-03-10T16:20:55.645840,groq,llama-3.1-8b-instant,few_shot,3800,288,0,291,320,12,332,0,0,False,~$0.000017,
2026-03-10T16:20:59.335749,groq,llama-3.1-8b-instant,few_shot,3687,292,0,295,324,12,336,0,0,False,~$0.000017,
2026-03-10T16:21:02.566261,groq,llama-3.1-8b-instant,few_shot,3228,289,0,292,321,12,333,0,0,False,~$0.000017,
2026-03-10T16:21:06.059181,groq,llama-3.1-8b-instant,few_shot,3490,288,0,291,320,12,332,0,0,False,~$0.000017,
2026-03-10T16:23:40.018865,groq,llama-3.1-8b-instant,few_shot,477,325,0,328,357,13,370,0,0,False,~$0.000019,
2026-03-10T16:23:40.430693,groq,llama-3.1-8b-instant,few_shot,408,325,0,328,357,77,434,0,0,False,~$0.000024,
2026-03-10T16:23:40.967884,groq,llama-3.1-8b-instant,few_shot,533,319,0,322,350,64,414,0,0,False,~$0.000023,
2026-03-10T16:23:41.257730,groq,llama-3.1-8b-instant,few_shot,288,314,0,317,346,14,360,0,0,False,~$0.000018,
2026-03-10T16:23:41.601462,groq,llama-3.1-8b-instant,few_shot,342,314,0,317,346,13,359,0,0,False,~$0.000018,
2026-03-10T16:23:41.969662,groq,llama-3.1-8b-instant,few_shot,366,311,0,314,343,49,392,0,0,False,~$0.000021,
2026-03-10T16:23:42.212129,groq,llama-3.1-8b-instant,few_shot,239,316,0,319,348,14,362,0,0,False,~$0.000019,
2026-03-10T16:23:42.579710,groq,llama-3.1-8b-instant,few_shot,365,314,0,317,346,52,398,0,0,False,~$0.000021,
2026-03-10T16:23:42.881999,groq,llama-3.1-8b-instant,few_shot,299,308,0,311,340,12,352,0,0,False,~$0.000018,
2026-03-10T16:23:43.222440,groq,llama-3.1-8b-instant,few_shot,338,313,0,316,345,47,392,0,0,False,~$0.000021,
2026-03-10T16:23:43.649584,groq,llama-3.1-8b-instant,few_shot,424,318,0,321,350,13,363,0,0,False,~$0.000019,
2026-03-10T16:23:43.977548,groq,llama-3.1-8b-instant,few_shot,326,312,0,315,344,44,388,0,0,False,~$0.000021,
2026-03-10T16:23:44.481642,groq,llama-3.1-8b-instant,few_shot,501,312,0,315,345,104,449,0,0,False,~$0.000026,
2026-03-10T16:23:44.918944,groq,llama-3.1-8b-instant,few_shot,434,319,0,322,351,39,390,0,0,False,~$0.000021,
2026-03-10T16:23:46.080101,groq,llama-3.1-8b-instant,few_shot,1158,312,0,315,344,167,511,0,0,False,~$0.000031,
2026-03-10T16:23:46.367086,groq,llama-3.1-8b-instant,few_shot,284,310,0,313,342,14,356,0,0,False,~$0.000018,
2026-03-10T16:23:46.735967,groq,llama-3.1-8b-instant,few_shot,366,317,0,320,349,14,363,0,0,False,~$0.000019,
2026-03-10T16:23:52.542278,groq,llama-3.1-8b-instant,few_shot,5804,310,0,313,343,56,399,0,0,False,~$0.000022,
2026-03-10T16:23:56.852378,groq,llama-3.1-8b-instant,few_shot,4308,311,0,314,343,70,413,0,0,False,~$0.000023,
2026-03-10T16:23:59.932234,groq,llama-3.1-8b-instant,few_shot,3077,308,0,311,340,86,426,0,0,False,~$0.000024,
2026-03-10T16:24:03.600797,groq,llama-3.1-8b-instant,few_shot,3666,313,0,316,345,40,385,0,0,False,~$0.000020,
2026-03-10T16:24:07.436791,groq,llama-3.1-8b-instant,few_shot,3834,311,0,314,343,65,408,0,0,False,~$0.000022,
2026-03-10T16:24:10.902793,groq,llama-3.1-8b-instant,few_shot,3464,312,0,315,344,12,356,0,0,False,~$0.000018,
2026-03-10T16:24:14.348398,groq,llama-3.1-8b-instant,few_shot,3443,312,0,315,345,13,358,0,0,False,~$0.000018,
2026-03-10T16:24:19.066718,groq,llama-3.1-8b-instant,few_shot,4716,314,0,317,346,69,415,0,0,False,~$0.000023,
2026-03-10T16:24:22.700694,groq,llama-3.1-8b-instant,few_shot,3632,312,0,315,344,48,392,0,0,False,~$0.000021,
2026-03-10T16:24:26.185648,groq,llama-3.1-8b-instant,few_shot,3482,314,0,317,346,53,399,0,0,False,~$0.000022,
2026-03-10T16:24:30.966865,groq,llama-3.1-8b-instant,few_shot,4778,316,0,319,348,42,390,0,0,False,~$0.000021,
2026-03-10T16:24:34.594355,groq,llama-3.1-8b-instant,few_shot,3626,311,0,314,343,57,400,0,0,False,~$0.000022,
2026-03-10T16:24:38.547359,groq,llama-3.1-8b-instant,few_shot,3951,316,0,319,348,50,398,0,0,False,~$0.000021,
2026-03-10T16:24:42.205136,groq,llama-3.1-8b-instant,few_shot,3655,315,0,318,347,86,433,0,0,False,~$0.000024,
2026-03-10T16:24:46.938151,groq,llama-3.1-8b-instant,few_shot,4731,309,0,312,341,13,354,0,0,False,~$0.000018,
2026-03-10T16:24:50.367733,groq,llama-3.1-8b-instant,few_shot,3427,312,0,315,344,12,356,0,0,False,~$0.000018,
2026-03-10T16:24:53.980791,groq,llama-3.1-8b-instant,few_shot,3610,310,0,313,342,62,404,0,0,False,~$0.000022,
2026-03-10T16:24:57.639871,groq,llama-3.1-8b-instant,few_shot,3656,316,0,319,348,14,362,0,0,False,~$0.000019,
2026-03-10T16:25:01.744086,groq,llama-3.1-8b-instant,few_shot,4102,313,0,316,345,138,483,0,0,False,~$0.000028,
2026-03-10T16:25:06.997763,groq,llama-3.1-8b-instant,few_shot,5250,309,0,312,342,13,355,0,0,False,~$0.000018,
2026-03-10T16:25:09.517233,groq,llama-3.1-8b-instant,few_shot,2517,311,0,314,343,52,395,0,0,False,~$0.000021,
2026-03-10T16:25:13.129428,groq,llama-3.1-8b-instant,few_shot,3610,311,0,314,343,50,393,0,0,False,~$0.000021,
2026-03-10T16:25:17.884144,groq,llama-3.1-8b-instant,few_shot,4752,310,0,313,342,67,409,0,0,False,~$0.000022,
2026-03-10T16:25:21.673113,groq,llama-3.1-8b-instant,few_shot,3787,312,0,315,344,62,406,0,0,False,~$0.000022,
2026-03-10T16:25:25.321240,groq,llama-3.1-8b-instant,few_shot,3646,308,0,311,340,88,428,0,0,False,~$0.000024,
2026-03-10T16:25:30.006476,groq,llama-3.1-8b-instant,few_shot,4683,305,0,308,337,101,438,0,0,False,~$0.000025,
2026-03-10T16:25:33.699037,groq,llama-3.1-8b-instant,few_shot,3689,312,0,315,345,13,358,0,0,False,~$0.000018,
2026-03-10T16:25:37.153170,groq,llama-3.1-8b-instant,few_shot,3451,310,0,313,342,57,399,0,0,False,~$0.000022,
2026-03-10T16:25:41.669901,groq,llama-3.1-8b-instant,few_shot,4515,312,0,315,344,52,396,0,0,False,~$0.000021,
2026-03-10T16:25:45.393046,groq,llama-3.1-8b-instant,few_shot,3720,308,0,311,340,12,352,0,0,False,~$0.000018,
2026-03-10T16:25:48.905793,groq,llama-3.1-8b-instant,few_shot,3510,312,0,315,344,50,394,0,0,False,~$0.000021,
2026-03-10T16:25:52.434405,groq,llama-3.1-8b-instant,few_shot,3526,309,0,312,341,48,389,0,0,False,~$0.000021,
2026-03-10T16:25:56.990586,groq,llama-3.1-8b-instant,few_shot,4553,308,0,311,340,55,395,0,0,False,~$0.000021,
2026-03-10T22:30:59.654538,google,openai/gpt-oss-120b,cot,4350,208,0,211,275,1646,1921,0,0,False,N/A,
2026-03-10T22:30:59.657305,google,openai/gpt-oss-120b,cot,3433,208,0,211,275,1499,1774,0,0,False,N/A,
2026-03-10T22:30:59.658344,google,openai/gpt-oss-120b,cot,3662,208,0,211,275,1575,1850,0,0,False,N/A,
2026-03-10T22:30:59.659007,google,openai/gpt-oss-120b,cot,4336,208,0,211,275,1924,2199,0,0,False,N/A,
2026-03-10T22:30:59.659540,google,openai/gpt-oss-120b,cot,3654,214,0,217,281,1598,1879,0,0,False,N/A,
2026-03-10T22:30:59.660033,google,openai/gpt-oss-120b,cot,5207,214,0,217,281,1594,1875,0,0,False,N/A,
2026-03-10T22:30:59.660634,google,openai/gpt-oss-120b,cot,6279,214,0,217,281,1523,1804,0,0,False,N/A,
2026-03-10T22:30:59.661237,google,openai/gpt-oss-120b,cot,7337,214,0,217,281,2277,2558,0,0,False,N/A,
2026-03-10T23:16:12.153747,google,gemini-2.5-pro,cot,9217,172,0,175,183,200,383,0,0,False,N/A,
2026-03-10T23:16:23.343550,google,gemini-2.5-pro,cot,11184,169,0,172,179,188,367,0,0,False,N/A,
2026-03-10T23:16:31.544902,google,gemini-2.5-pro,cot,8199,168,0,171,180,163,343,0,0,False,N/A,
2026-03-10T23:17:31.022836,google,gemini-2.5-pro,cot,11071,172,0,175,183,204,387,0,0,False,N/A,
2026-03-10T23:17:40.052324,google,gemini-2.5-pro,cot,9027,169,0,172,179,191,370,0,0,False,N/A,
2026-03-10T23:17:49.039230,google,gemini-2.5-pro,cot,8984,168,0,171,180,146,326,0,0,False,N/A,
2026-03-10T23:27:47.035576,groq,gemini-2.5-pro,tot,32243,241,0,244,252,682,934,0,0,False,N/A,
2026-03-10T23:29:02.187214,groq,gemini-2.5-pro,tot,31308,241,0,244,252,1370,1622,0,0,False,N/A,
2026-03-10T23:32:58.795088,groq,gemini-2.5-pro,tot,34043,241,0,244,252,1640,1892,0,0,False,N/A,
2026-03-10T23:35:40.273061,groq,gemini-2.5-pro,tot,31211,241,0,244,252,1592,1844,0,0,False,N/A,
2026-03-10T23:39:17.974426,groq,gemini-2.5-flash-lite,few_shot,1613,325,0,328,341,11,352,0,0,False,N/A,
2026-03-10T23:39:21.002959,groq,gemini-2.5-flash-lite,few_shot,776,325,0,328,342,13,355,0,0,False,N/A,
2026-03-10T23:40:07.470276,groq,llama-3.1-8b-instant,few_shot,639,325,0,328,357,13,370,0,0,False,~$0.000019,
2026-03-10T23:40:07.862564,groq,llama-3.1-8b-instant,few_shot,390,325,0,328,357,77,434,0,0,False,~$0.000024,
2026-03-10T23:40:08.194599,groq,llama-3.1-8b-instant,few_shot,330,319,0,322,350,64,414,0,0,False,~$0.000023,
2026-03-10T23:40:08.450670,groq,llama-3.1-8b-instant,few_shot,250,314,0,317,346,14,360,0,0,False,~$0.000018,
2026-03-10T23:40:09.029037,groq,llama-3.1-8b-instant,few_shot,574,314,0,317,346,13,359,0,0,False,~$0.000018,
2026-03-10T23:40:09.301299,groq,llama-3.1-8b-instant,few_shot,266,311,0,314,343,49,392,0,0,False,~$0.000021,
2026-03-10T23:40:09.550205,groq,llama-3.1-8b-instant,few_shot,244,316,0,319,348,14,362,0,0,False,~$0.000019,
2026-03-10T23:40:09.869652,groq,llama-3.1-8b-instant,few_shot,316,314,0,317,346,52,398,0,0,False,~$0.000021,
2026-03-10T23:40:10.089109,groq,llama-3.1-8b-instant,few_shot,217,308,0,311,340,12,352,0,0,False,~$0.000018,
2026-03-10T23:40:10.390746,groq,llama-3.1-8b-instant,few_shot,297,313,0,316,345,47,392,0,0,False,~$0.000021,
2026-03-10T23:40:10.613475,groq,llama-3.1-8b-instant,few_shot,217,318,0,321,350,13,363,0,0,False,~$0.000019,
2026-03-10T23:40:10.965168,groq,llama-3.1-8b-instant,few_shot,348,312,0,315,344,44,388,0,0,False,~$0.000021,
2026-03-10T23:40:11.463661,groq,llama-3.1-8b-instant,few_shot,492,312,0,315,345,104,449,0,0,False,~$0.000026,
2026-03-10T23:40:11.753045,groq,llama-3.1-8b-instant,few_shot,286,319,0,322,351,39,390,0,0,False,~$0.000021,
2026-03-10T23:40:12.170954,groq,llama-3.1-8b-instant,few_shot,416,312,0,315,344,145,489,0,0,False,~$0.000029,
2026-03-10T23:40:12.412933,groq,llama-3.1-8b-instant,few_shot,240,310,0,313,342,14,356,0,0,False,~$0.000018,
2026-03-10T23:40:14.846202,groq,llama-3.1-8b-instant,few_shot,2428,317,0,320,349,14,363,0,0,False,~$0.000019,
2026-03-10T23:40:18.327170,groq,llama-3.1-8b-instant,few_shot,3479,310,0,313,343,56,399,0,0,False,~$0.000022,
2026-03-10T23:40:21.817663,groq,llama-3.1-8b-instant,few_shot,3487,311,0,314,343,70,413,0,0,False,~$0.000023,
2026-03-10T23:40:26.335586,groq,llama-3.1-8b-instant,few_shot,4514,308,0,311,340,86,426,0,0,False,~$0.000024,
2026-03-10T23:40:30.756239,groq,llama-3.1-8b-instant,few_shot,4416,313,0,316,345,40,385,0,0,False,~$0.000020,
2026-03-10T23:40:34.448369,groq,llama-3.1-8b-instant,few_shot,3689,311,0,314,343,65,408,0,0,False,~$0.000022,
2026-03-10T23:40:37.864362,groq,llama-3.1-8b-instant,few_shot,3410,312,0,315,344,12,356,0,0,False,~$0.000018,
2026-03-10T23:40:42.280357,groq,llama-3.1-8b-instant,few_shot,4413,312,0,315,345,13,358,0,0,False,~$0.000018,
2026-03-10T23:40:45.745633,groq,llama-3.1-8b-instant,few_shot,3461,314,0,317,346,69,415,0,0,False,~$0.000023,
2026-03-10T23:40:49.825209,groq,llama-3.1-8b-instant,few_shot,4077,312,0,315,344,48,392,0,0,False,~$0.000021,
2026-03-10T23:40:53.288099,groq,llama-3.1-8b-instant,few_shot,3458,314,0,317,346,53,399,0,0,False,~$0.000022,
2026-03-10T23:40:57.722100,groq,llama-3.1-8b-instant,few_shot,4431,316,0,319,348,42,390,0,0,False,~$0.000021,
2026-03-10T23:41:01.256153,groq,llama-3.1-8b-instant,few_shot,3532,311,0,314,343,57,400,0,0,False,~$0.000022,
2026-03-10T23:41:05.707334,groq,llama-3.1-8b-instant,few_shot,4449,316,0,319,348,50,398,0,0,False,~$0.000021,
2026-03-10T23:41:09.497738,groq,llama-3.1-8b-instant,few_shot,3786,315,0,318,347,86,433,0,0,False,~$0.000024,
2026-03-10T23:41:13.917463,groq,llama-3.1-8b-instant,few_shot,4417,309,0,312,341,13,354,0,0,False,~$0.000018,
2026-03-10T23:41:17.923932,groq,llama-3.1-8b-instant,few_shot,4004,312,0,315,344,12,356,0,0,False,~$0.000018,
2026-03-10T23:41:20.394218,groq,llama-3.1-8b-instant,few_shot,2466,310,0,313,342,62,404,0,0,False,~$0.000022,
2026-03-10T23:41:24.769621,groq,llama-3.1-8b-instant,few_shot,4372,316,0,319,348,14,362,0,0,False,~$0.000019,
2026-03-10T23:41:28.394063,groq,llama-3.1-8b-instant,few_shot,3616,313,0,316,345,138,483,0,0,False,~$0.000028,
2026-03-10T23:41:32.802655,groq,llama-3.1-8b-instant,few_shot,4406,309,0,312,342,13,355,0,0,False,~$0.000018,
2026-03-10T23:41:36.285920,groq,llama-3.1-8b-instant,few_shot,3481,311,0,314,343,52,395,0,0,False,~$0.000021,
2026-03-10T23:41:39.730765,groq,llama-3.1-8b-instant,few_shot,3441,311,0,314,343,50,393,0,0,False,~$0.000021,
2026-03-10T23:41:44.190836,groq,llama-3.1-8b-instant,few_shot,4455,310,0,313,342,67,409,0,0,False,~$0.000022,
2026-03-10T23:41:47.663356,groq,llama-3.1-8b-instant,few_shot,3470,312,0,315,344,62,406,0,0,False,~$0.000022,
2026-03-10T23:41:52.248540,groq,llama-3.1-8b-instant,few_shot,4583,308,0,311,340,88,428,0,0,False,~$0.000024,
2026-03-10T23:41:56.033366,groq,llama-3.1-8b-instant,few_shot,3780,305,0,308,337,101,438,0,0,False,~$0.000025,
2026-03-10T23:42:00.605889,groq,llama-3.1-8b-instant,few_shot,4567,312,0,315,345,13,358,0,0,False,~$0.000018,
2026-03-10T23:42:04.085216,groq,llama-3.1-8b-instant,few_shot,3477,310,0,313,342,57,399,0,0,False,~$0.000022,
2026-03-10T23:42:07.581411,groq,llama-3.1-8b-instant,few_shot,3493,312,0,315,344,52,396,0,0,False,~$0.000021,
2026-03-10T23:42:12.111219,groq,llama-3.1-8b-instant,few_shot,4527,308,0,311,340,12,352,0,0,False,~$0.000018,
2026-03-10T23:42:16.090601,groq,llama-3.1-8b-instant,few_shot,3975,312,0,315,344,50,394,0,0,False,~$0.000021,
2026-03-10T23:42:19.529357,groq,llama-3.1-8b-instant,few_shot,3437,309,0,312,341,48,389,0,0,False,~$0.000021,
2026-03-10T23:42:22.960132,groq,llama-3.1-8b-instant,few_shot,3428,308,0,311,340,55,395,0,0,False,~$0.000021,
